min, max, n, mean, variance, stddev
0, 4, 7691.0, 1.705890001300221, 0.5776522146588352, 0.7600343509729249
