min, max, n, mean, variance, stddev
0.0, 769.0, 7691.0, 127.86919776361981, 31000.7593827786, 176.07032510556286
