min, max, n, mean, variance, stddev
0, 3, 8819.0, 1.2516158294591224, 0.5366441177492014, 0.732559975530469
