min, max, n, mean, variance, stddev
0.0, 670.0, 8819.0, 163.17008731148655, 22610.165196624646, 150.36676892393695
