min, max, n, mean, variance, stddev
0, 62, 5011.0, 28.962083416483736, 317.32244978030974, 17.81354680517919
