min, max, n, mean, variance, stddev
0.0, 4333.0, 5011.0, 1823.447216124526, 1.7744388558748085e6, 1332.0806491631085
