min, max, n, mean, variance, stddev
0, 2, 5961.0, 0.0097299110887435, 0.01533898090200518, 0.12385063948969008
