min, max, n, mean, variance, stddev
0.0, 31.0, 5961.0, 2.8763630263378626, 54.96961576084734, 7.414149699112322
