min, max, n, mean, variance, stddev
0, 4, 5365.0, 0.3664492078285182, 0.3540653974667536, 0.5950339464826806
