min, max, n, mean, variance, stddev
0.0, 390.0, 5365.0, 98.29636533084809, 16788.188775232797, 129.56924316840318
