min, max, n, mean, variance, stddev
0, 62, 5365.0, 28.02143522833178, 459.58556103424826, 21.437946754161143
