min, max, n, mean, variance, stddev
0.0, 5007.0, 5365.0, 2415.362348555452, 2.309567972710979e6, 1519.7262821676077
