min, max, n, mean, variance, stddev
0, 5, 5365.0, 0.26225535880708295, 0.7921727325551601, 0.8900408600480992
