min, max, n, mean, variance, stddev
0.0, 234.0, 5365.0, 52.89095992544269, 8722.502742135392, 93.39433998982696
