min, max, n, mean, variance, stddev
0, 1, 7671.0, 0.0005214444009907443, 0.0005211724967274197, 0.022829202717734576
