min, max, n, mean, variance, stddev
0.0, 4.0, 7671.0, 0.4077695215747621, 1.464802103573738, 1.210290090669893
