min, max, n, mean, variance, stddev
0, 2, 8049.0, 0.07106472853770655, 0.08837755935848328, 0.2972836345285143
