min, max, n, mean, variance, stddev
0.0, 482.0, 8049.0, 43.06771027456827, 17185.612634849094, 131.09390769539633
