min, max, n, mean, variance, stddev
0, 3, 6373.0, 0.07531774674407657, 0.14527655445831528, 0.3811516161035071
