min, max, n, mean, variance, stddev
0.0, 231.0, 6373.0, 50.09320571159579, 7500.610487338352, 86.60606495701298
