min, max, n, mean, variance, stddev
0, 9, 5659.0, 1.0736879307298108, 5.036273570045179, 2.2441643366841872
