min, max, n, mean, variance, stddev
0.0, 1207.0, 5659.0, 85.23643753313306, 56185.501969708544, 237.03481172542683
