min, max, n, mean, variance, stddev
0, 3, 7937.0, 1.3985132921758852, 0.3760239960750502, 0.613207954999811
