min, max, n, mean, variance, stddev
0.0, 724.0, 7937.0, 153.91911301499306, 24055.739457043674, 155.0991278410155
