min, max, n, mean, variance, stddev
0, 1, 7727.0, 0.0005176653293645658, 0.0005173973519713397, 0.022746370083407588
