min, max, n, mean, variance, stddev
0.0, 4.0, 7727.0, 0.5135240067296493, 1.7903891214309242, 1.3380542296300715
