min, max, n, mean, variance, stddev
0, 9, 5535.0, 0.9517615176151761, 5.264339715483876, 2.294414896108347
