min, max, n, mean, variance, stddev
0.0, 897.0, 5535.0, 59.48744354110208, 27560.572516228745, 166.01377206794845
