min, max, n, mean, variance, stddev
0, 5, 5535.0, 0.8258355916892502, 2.4740931364748757, 1.5729250257004863
