min, max, n, mean, variance, stddev
0.0, 1345.0, 5535.0, 108.6594399277326, 63795.230902306015, 252.57717811058467
