min, max, n, mean, variance, stddev
0, 14, 6373.0, 1.82614153459909, 12.770024293164253, 3.5735170760980357
