min, max, n, mean, variance, stddev
0.0, 1699.0, 6373.0, 188.43103718813745, 174627.2002103945, 417.88419473628636
