min, max, n, mean, variance, stddev
0, 3, 7521.0, 1.4060630235341045, 0.5549639045508372, 0.7449589952143925
