min, max, n, mean, variance, stddev
0.0, 617.0, 7521.0, 100.6541683286797, 12465.911114455908, 111.65084466521473
