min, max, n, mean, variance, stddev
0, 6, 5727.0, 0.42360747337174787, 1.9057671153483742, 1.380495242783681
