min, max, n, mean, variance, stddev
0.0, 525.0, 5727.0, 67.64588789942378, 27612.31287945871, 166.16953053872032
