min, max, n, mean, variance, stddev
0, 1, 7417.0, 0.06700822434946745, 0.06251812221899888, 0.25003624181106004
