min, max, n, mean, variance, stddev
0.0, 284.0, 7417.0, 0.7904813266819469, 84.38215019302464, 9.185975734402124
