min, max, n, mean, variance, stddev
0, 4, 5659.0, 0.28167520763385756, 1.0007085561109084, 1.0003542153212073
