min, max, n, mean, variance, stddev
0.0, 395.0, 5659.0, 7.721682276020498, 1611.6417475852152, 40.14525809588494
