min, max, n, mean, variance, stddev
0, 1, 7937.0, 0.0013859140733274537, 0.0013839933155088066, 0.037202060635249855
