min, max, n, mean, variance, stddev
0.0, 11.0, 7937.0, 0.04573516441980597, 0.5009951033533591, 0.7078100757642258
