min, max, n, mean, variance, stddev
0, 10, 5011.0, 0.7208142087407703, 4.736463595695138, 2.1763417920205312
