min, max, n, mean, variance, stddev
0.0, 631.0, 5011.0, 34.529036120534826, 12657.266119585804, 112.50451599640702
