min, max, n, mean, variance, stddev
0, 2, 8885.0, 0.04873382104670793, 0.04770942661640692, 0.2184248763680706
