min, max, n, mean, variance, stddev
0.0, 181.0, 8885.0, 29.204614518851997, 3918.655938188489, 62.5991688298534
