min, max, n, mean, variance, stddev
0, 8, 5727.0, 0.8391828182294395, 3.819257442917638, 1.9542920567094464
