min, max, n, mean, variance, stddev
0.0, 1068.0, 5727.0, 81.83307141609917, 47624.82388969335, 218.23112493339107
