min, max, n, mean, variance, stddev
0, 14, 8049.0, 0.9916759845943596, 9.151005378428106, 3.0250628718140895
