min, max, n, mean, variance, stddev
0.0, 791.0, 8049.0, 37.48975027953783, 17722.214611057032, 133.12480839819838
