min, max, n, mean, variance, stddev
0, 4, 5731.0, 0.2200314081312162, 0.6102844868865008, 0.7812070704278737
