min, max, n, mean, variance, stddev
0.0, 560.0, 5731.0, 118.7192462048508, 47104.19285764153, 217.03500376124015
