min, max, n, mean, variance, stddev
0, 4, 4911.0, 0.12767257177764202, 0.22580926440550161, 0.4751939229467288
