min, max, n, mean, variance, stddev
0.0, 365.0, 4911.0, 8.531663612298921, 2235.0879304231903, 47.27671657828186
