min, max, n, mean, variance, stddev
0, 2, 7373.0, 0.07256205072562051, 0.08465743969371939, 0.2909595155579542
