min, max, n, mean, variance, stddev
0.0, 456.0, 7373.0, 14.671504136715042, 5080.988252138766, 71.28105114361577
