min, max, n, mean, variance, stddev
0, 4, 4949.0, 0.4328147100424328, 0.9316853689814324, 0.9652385036774239
