min, max, n, mean, variance, stddev
0.0, 278.0, 4949.0, 36.11840775914326, 6311.859085280489, 79.44720942412319
