min, max, n, mean, variance, stddev
0, 62, 5535.0, 40.43685636856369, 361.88828930457294, 19.023361672022453
