min, max, n, mean, variance, stddev
0.0, 4670.0, 5535.0, 1956.995302619693, 2.0574946525524608e6, 1434.3969647738595
