min, max, n, mean, variance, stddev
0, 15, 5629.0, 2.3602771362586603, 20.01978290418679, 4.474347204250782
