min, max, n, mean, variance, stddev
0.0, 1263.0, 5629.0, 124.61929294723753, 87996.6617773647, 296.64231285736145
