min, max, n, mean, variance, stddev
0, 3, 4911.0, 0.8405620036652413, 0.7220851249989583, 0.8497559208378358
