min, max, n, mean, variance, stddev
0.0, 982.0, 4911.0, 230.15740175117085, 100388.25032141036, 316.8410489842034
