min, max, n, mean, variance, stddev
0, 3, 7373.0, 1.2525430625254306, 0.48959240710398055, 0.6997088016482146
