min, max, n, mean, variance, stddev
0.0, 387.0, 7373.0, 100.75600162756001, 11681.341658338259, 108.08025563597755
