min, max, n, mean, variance, stddev
0, 8, 8049.0, 0.4247732637594732, 2.3690769302033, 1.5391806035041178
