min, max, n, mean, variance, stddev
0.0, 626.0, 8049.0, 39.76431854888806, 18518.365997302426, 136.0822030880689
