min, max, n, mean, variance, stddev
0, 63, 5875.0, 0.006127659574468085, 0.07349436668175645, 0.2710984446317545
