min, max, n, mean, variance, stddev
0, 61, 5731.0, 25.246553830047112, 389.9076285880551, 19.74607881550297
