min, max, n, mean, variance, stddev
0.0, 4267.0, 5731.0, 1677.9000174489618, 1.6181192294032453e6, 1272.053155101329
