min, max, n, mean, variance, stddev
0, 61, 6373.0, 27.217323081751136, 463.0412690305626, 21.5183937372324
