min, max, n, mean, variance, stddev
0.0, 4591.0, 6373.0, 1649.0288718029185, 2.115325704485735e6, 1454.4159324229554
