min, max, n, mean, variance, stddev
0, 1, 5875.0, 0.01957446808510638, 0.019191308284291532, 0.13853269752766503
