min, max, n, mean, variance, stddev
0.0, 115.0, 5875.0, 26.484255319148936, 2344.2735818922592, 48.41769905615362
