min, max, n, mean, variance, stddev
0, 8, 6213.0, 0.9240302591340737, 4.832470993451035, 2.198288196176979
