min, max, n, mean, variance, stddev
0.0, 901.0, 6213.0, 65.35618863672944, 33024.569894502965, 181.72663507175542
