min, max, n, mean, variance, stddev
0, 61, 6213.0, 25.79864799613713, 410.9246915569239, 20.271277501847877
