min, max, n, mean, variance, stddev
0.0, 4893.0, 6213.0, 2105.2642845646224, 2.398658845975334e6, 1548.7604223944172
