min, max, n, mean, variance, stddev
0, 7, 6213.0, 0.662481892805408, 2.279611223114911, 1.5098381446747566
