min, max, n, mean, variance, stddev
0.0, 749.0, 6213.0, 107.67761145984227, 48304.14988825914, 219.78205087827155
