min, max, n, mean, variance, stddev
0, 7, 5961.0, 0.529273611810099, 2.702087192541375, 1.643802662286862
