min, max, n, mean, variance, stddev
0.0, 601.0, 5961.0, 41.147961751383995, 18084.5421066491, 134.47877939157948
