min, max, n, mean, variance, stddev
0, 62, 4911.0, 25.656485440847078, 380.6343903357175, 19.509853672842283
