min, max, n, mean, variance, stddev
0.0, 4635.0, 4911.0, 2137.7220525351254, 1.9047479111386081e6, 1380.1260490037162
