min, max, n, mean, variance, stddev
0, 62, 4949.0, 23.696302283289555, 226.5295094628782, 15.050897297599176
