min, max, n, mean, variance, stddev
0.0, 4651.0, 4949.0, 2090.398666397252, 1.9435373595536873e6, 1394.1080874715874
