min, max, n, mean, variance, stddev
0, 3, 7347.0, 1.2602422757588132, 0.4285309335441876, 0.6546227413894109
