min, max, n, mean, variance, stddev
0.0, 498.0, 7347.0, 99.41268544984348, 13962.732372086031, 118.16400624592089
