min, max, n, mean, variance, stddev
0, 3, 7671.0, 1.441402685438665, 0.5106779438280125, 0.7146173408391462
