min, max, n, mean, variance, stddev
0.0, 603.0, 7671.0, 122.52300873419372, 18589.229786072014, 136.34232573222454
