min, max, n, mean, variance, stddev
0, 4, 7667.0, 1.6925785835398461, 0.5948099284470345, 0.7712392160977257
