min, max, n, mean, variance, stddev
0.0, 751.0, 7667.0, 133.92669883918092, 30362.929803671268, 174.24961923536955
