min, max, n, mean, variance, stddev
0, 3, 7727.0, 1.1822181959363272, 0.4808382011287242, 0.6934249787314589
