min, max, n, mean, variance, stddev
0.0, 573.0, 7727.0, 105.13122816099391, 18194.450489794846, 134.88680621096657
