min, max, n, mean, variance, stddev
0, 3, 7507.0, 0.0313041161582523, 0.06282716567241385, 0.2506534772797175
