min, max, n, mean, variance, stddev
0.0, 121.0, 7507.0, 2.459970694018916, 276.62671122866027, 16.632098822116838
