min, max, n, mean, variance, stddev
0, 10, 5875.0, 1.7285106382978723, 6.776165866908103, 2.6031069641695677
