min, max, n, mean, variance, stddev
0.0, 1174.0, 5875.0, 298.5397446808511, 133550.3771012114, 365.44545024013007
