min, max, n, mean, variance, stddev
0, 3, 5629.0, 0.2678983833718245, 0.7145157644120249, 0.8452903432620208
