min, max, n, mean, variance, stddev
0.0, 507.0, 5629.0, 73.02842423165748, 30836.363022228266, 175.60285596261886
