min, max, n, mean, variance, stddev
0, 1, 5365.0, 0.0009319664492078285, 0.0009310978877453795, 0.030513896633261695
