min, max, n, mean, variance, stddev
0.0, 5.0, 5365.0, 1.3299161230195713, 4.880903720830449, 2.20927674156735
