min, max, n, mean, variance, stddev
0, 1, 8915.0, 0.024565339315759955, 0.023961883420061534, 0.15479626423160714
