min, max, n, mean, variance, stddev
0.0, 116.0, 8915.0, 9.459001682557487, 931.3215664739175, 30.517561607604193
