min, max, n, mean, variance, stddev
0, 1, 8819.0, 0.02415239823109196, 0.023569059890778708, 0.1535221804521376
