min, max, n, mean, variance, stddev
0.0, 103.0, 8819.0, 8.310919605397437, 761.8892684478966, 27.60234172036671
