min, max, n, mean, variance, stddev
0, 1, 7691.0, 0.009101547263034715, 0.009018709100453461, 0.09496688423052249
