min, max, n, mean, variance, stddev
0.0, 52.0, 7691.0, 3.1959433103627615, 151.67802801082865, 12.315763395373779
