min, max, n, mean, variance, stddev
0, 1, 7957.0, 0.007666205856478573, 0.007607435144244667, 0.08722061192312668
