min, max, n, mean, variance, stddev
0.0, 61.0, 7957.0, 1.970214905114993, 116.3013624396773, 10.784310939493412
