min, max, n, mean, variance, stddev
0, 49, 5875.0, 18.103659574468086, 277.91351001177, 16.670738136380464
