min, max, n, mean, variance, stddev
0.0, 4336.0, 5875.0, 1583.4832340425532, 1.8671131855486901e6, 1366.4235015355562
