min, max, n, mean, variance, stddev
0, 62, 5727.0, 37.572376462371224, 514.417627022236, 22.68077659654175
