min, max, n, mean, variance, stddev
0.0, 4651.0, 5727.0, 1829.6244106862232, 2.216349124342131e6, 1488.7407848051087
