min, max, n, mean, variance, stddev
0, 1, 7667.0, 0.009130037824442416, 0.009046680233766667, 0.09511403804784374
