min, max, n, mean, variance, stddev
0.0, 52.0, 7667.0, 3.2059475674970654, 152.120752418276, 12.33372419094395
