min, max, n, mean, variance, stddev
0, 2, 7521.0, 0.020077117404600452, 0.036693040190387625, 0.19155427479016912
