min, max, n, mean, variance, stddev
0.0, 72.0, 7521.0, 5.600983911713868, 363.73853911967205, 19.071930660519715
