min, max, n, mean, variance, stddev
0, 62, 8049.0, 43.39793763200397, 305.7078401993656, 17.4845028582275
