min, max, n, mean, variance, stddev
0.0, 7250.0, 8049.0, 3190.866318797366, 4.971976001759104e6, 2229.792815882028
