min, max, n, mean, variance, stddev
0, 2, 7347.0, 0.08956036477473799, 0.14306101537746324, 0.3782340748497724
