min, max, n, mean, variance, stddev
0.0, 217.0, 7347.0, 8.91016741527154, 1355.204942220509, 36.81310829338524
