min, max, n, mean, variance, stddev
0, 3, 8915.0, 1.4708917554683119, 0.42862550875423766, 0.6546949738269248
