min, max, n, mean, variance, stddev
0.0, 672.0, 8915.0, 176.23903533370722, 25008.993563174863, 158.1423205950098
