min, max, n, mean, variance, stddev
0, 3, 8885.0, 1.4370287000562747, 0.5355112614160364, 0.7317863495693511
