min, max, n, mean, variance, stddev
0.0, 672.0, 8885.0, 178.45244794597636, 25370.78324808747, 159.28208702828914
