min, max, n, mean, variance, stddev
0, 3, 8423.0, 1.4568443547429657, 0.4067509109520442, 0.6377702650265565
