min, max, n, mean, variance, stddev
0.0, 724.0, 8423.0, 164.37813130713522, 22886.876249766923, 151.2840911985359
