min, max, n, mean, variance, stddev
0, 2, 5011.0, 0.21452803831570544, 0.23356263396739504, 0.4832831819620822
