min, max, n, mean, variance, stddev
0.0, 410.0, 5011.0, 67.28058271802036, 16558.92706060636, 128.68149463153728
