min, max, n, mean, variance, stddev
0, 6, 7507.0, 0.26748368189689625, 0.43438028063820866, 0.6590753224315175
