min, max, n, mean, variance, stddev
0.0, 330.0, 7507.0, 49.81830291727721, 9044.533923695108, 95.10275455366741
