min, max, n, mean, variance, stddev
0, 29, 5659.0, 11.343523590740414, 91.3596377698534, 9.558223567685232
