min, max, n, mean, variance, stddev
0.0, 3969.0, 5659.0, 1582.9855098073865, 1.4710795827552225e6, 1212.8806960106267
