min, max, n, mean, variance, stddev
0, 30, 5659.0, 12.33133062378512, 110.98316930206803, 10.53485497299645
