min, max, n, mean, variance, stddev
0.0, 4011.0, 5659.0, 1726.9537020675032, 1.588839627473041e6, 1260.4918196771612
