min, max, n, mean, variance, stddev
0, 62, 5961.0, 38.91243080020131, 378.84151801337134, 19.46385157191072
