min, max, n, mean, variance, stddev
0.0, 5181.0, 5961.0, 2212.857070961248, 2.546092405338778e6, 1595.6479578336753
