min, max, n, mean, variance, stddev
0, 3, 4949.0, 0.05253586583148111, 0.06634485247197715, 0.25757494534984793
