min, max, n, mean, variance, stddev
0.0, 221.0, 4949.0, 14.473833097595474, 2733.0114894698195, 52.27821237829216
