min, max, n, mean, variance, stddev
0, 4, 5629.0, 0.3465979747734944, 0.6585161398502243, 0.8114900737841617
