min, max, n, mean, variance, stddev
0.0, 1025.0, 5629.0, 110.71522472908154, 71951.9126852444, 268.2385369130327
