min, max, n, mean, variance, stddev
0, 3, 7417.0, 1.028717810435486, 0.4674239054034304, 0.6836840684142277
