min, max, n, mean, variance, stddev
0.0, 435.0, 7417.0, 93.49723607927734, 13589.699095771823, 116.57486476840461
