min, max, n, mean, variance, stddev
0, 2, 5961.0, 0.2796510652575071, 0.33162584704172715, 0.5758696441398237
