min, max, n, mean, variance, stddev
0.0, 780.0, 5961.0, 128.73930548565676, 58292.37290399677, 241.4381347343389
