min, max, n, mean, variance, stddev
0, 5, 5875.0, 0.21991489361702127, 0.41597786509732915, 0.6449634602807582
