min, max, n, mean, variance, stddev
0.0, 433.0, 5875.0, 85.24663829787234, 26895.623424869173, 163.99885190107025
