min, max, n, mean, variance, stddev
0, 2, 5535.0, 0.12809394760614273, 0.23634713480528363, 0.48615546361764117
