min, max, n, mean, variance, stddev
0.0, 359.0, 5535.0, 51.92321589882565, 15480.023914499909, 124.41874422489526
