min, max, n, mean, variance, stddev
0, 2, 6373.0, 0.008943982425859092, 0.01608193833386569, 0.12681458249691038
