min, max, n, mean, variance, stddev
0.0, 22.0, 6373.0, 2.746273340655892, 20.470535696193405, 4.524437611040007
