min, max, n, mean, variance, stddev
0, 6, 5731.0, 0.7783981853079742, 1.822817256210282, 1.3501174971869234
