min, max, n, mean, variance, stddev
0.0, 1386.0, 5731.0, 134.1097539696388, 83057.95706940378, 288.197774227012
