min, max, n, mean, variance, stddev
0, 62, 7507.0, 33.89702943919009, 405.78305631497165, 20.144057593120895
