min, max, n, mean, variance, stddev
0.0, 7250.0, 7507.0, 3389.528972958572, 4.634020351997919e6, 2152.67748443605
