min, max, n, mean, variance, stddev
0, 3, 7957.0, 1.1366092748523313, 0.4653142790292215, 0.682139486490279
