min, max, n, mean, variance, stddev
0.0, 722.0, 7957.0, 144.19014704034183, 21383.40772998969, 146.23066617501846
