min, max, n, mean, variance, stddev
0, 4, 4911.0, 0.06536346976175932, 0.08919126984452763, 0.2986490747424603
