min, max, n, mean, variance, stddev
0.0, 271.0, 4911.0, 9.300549786194258, 1973.6543246824633, 44.42582947658337
