min, max, n, mean, variance, stddev
0, 63, 6213.0, 0.003219056816352809, 0.01608492175497714, 0.1268263448774628
