min, max, n, mean, variance, stddev
0, 2, 4949.0, 0.0434431198221863, 0.044788791521161844, 0.21163362568637775
