min, max, n, mean, variance, stddev
0.0, 192.0, 4949.0, 6.626591230551627, 904.8935018375549, 30.08144780155295
