min, max, n, mean, variance, stddev
0, 3, 7523.0, 1.0802871195001993, 0.6015561052534737, 0.7756004804365929
