min, max, n, mean, variance, stddev
0.0, 511.0, 7523.0, 76.80765652000532, 11929.742214407077, 109.2233592891515
