min, max, n, mean, variance, stddev
0, 2, 5727.0, 0.04889121704208137, 0.0800262719099384, 0.28288915127649983
