min, max, n, mean, variance, stddev
0.0, 106.0, 5727.0, 19.514580059367905, 1560.341982288291, 39.5011643156033
