min, max, n, mean, variance, stddev
0, 2, 5011.0, 0.29874276591498705, 0.310074252529488, 0.5568431130304908
