min, max, n, mean, variance, stddev
0.0, 537.0, 5011.0, 93.59908201955697, 33345.17572456142, 182.60661467910032
