min, max, n, mean, variance, stddev
0, 5, 6213.0, 0.2348301947529374, 0.5540612821270665, 0.744352928473494
