min, max, n, mean, variance, stddev
0.0, 687.0, 6213.0, 86.07790117495574, 43824.451037474864, 209.34290300240625
