min, max, n, mean, variance, stddev
0, 3, 5731.0, 0.3112894782760426, 0.7713591992244878, 0.8782705729013627
