min, max, n, mean, variance, stddev
0.0, 700.0, 5731.0, 143.88274297679288, 77397.6620490805, 278.2043530376196
