min, max, n, mean, variance, stddev
0, 62, 5629.0, 41.29596731213359, 452.0751320763875, 21.262058509852416
