min, max, n, mean, variance, stddev
0.0, 4333.0, 5629.0, 1722.877598152425, 1.7656472028184622e6, 1328.776581227432
